Timestamp;Object_List;Objects_Count;frisbee;clock;tv;bus;stop sign;person;chair;train;truck;car;airplane;traffic light;fire hydrant
1549642689775764;['truck', 'train', 'truck'];3;;;;;;;;1.0;2.0;;;;
1549642691640878;['truck', 'truck'];2;;;;;;;;;2.0;;;;
1549642693456342;['truck', 'train', 'train'];3;;;;;;;;2.0;1.0;;;;
1549642695332555;['truck'];1;;;;;;;;;1.0;;;;
1549642697137897;['truck', 'truck', 'truck'];3;;;;;;;;;3.0;;;;
1549642699005504;['bus'];1;;;;1.0;;;;;;;;;
1549642700875195;['truck'];1;;;;;;;;;1.0;;;;
1549642702687554;['truck'];1;;;;;;;;;1.0;;;;
1549642708121766;['truck'];1;;;;;;;;;1.0;;;;
1549642709928417;['person', 'car', 'person', 'person'];4;;;;;;3.0;;;;1.0;;;
1549642715412549;['car'];1;;;;;;;;;;1.0;;;
1549642726270685;['person', 'person', 'car', 'car', 'car', 'car', 'car'];7;;;;;;2.0;;;;5.0;;;
1549642728083186;['car'];1;;;;;;;;;;1.0;;;
1549642729888927;['person', 'car'];2;;;;;;1.0;;;;1.0;;;
1549642731757269;['car'];1;;;;;;;;;;1.0;;;
1549642733571506;['car', 'car'];2;;;;;;;;;;2.0;;;
1549642735383297;['car'];1;;;;;;;;;;1.0;;;
1549642737188017;['car'];1;;;;;;;;;;1.0;;;
1549642739117688;['car', 'car'];2;;;;;;;;;;2.0;;;
1549642740934540;['car', 'car', 'car'];3;;;;;;;;;;3.0;;;
1549642742799066;['car'];1;;;;;;;;;;1.0;;;
1549642744608596;['car'];1;;;;;;;;;;1.0;;;
1549642746421998;['car', 'car', 'car'];3;;;;;;;;;;3.0;;;
1549642751849549;['car', 'car'];2;;;;;;;;;;2.0;;;
1549642753662046;['car'];1;;;;;;;;;;1.0;;;
1549642755466775;['truck'];1;;;;;;;;;1.0;;;;
1549642764510638;['car'];1;;;;;;;;;;1.0;;;
1549642766385029;['car'];1;;;;;;;;;;1.0;;;
1549642775492201;['truck'];1;;;;;;;;;1.0;;;;
1549642780980307;['car'];1;;;;;;;;;;1.0;;;
1549642782847946;['car'];1;;;;;;;;;;1.0;;;
1549642784662804;['car'];1;;;;;;;;;;1.0;;;
1549642786535425;['car'];1;;;;;;;;;;1.0;;;
1549642788406816;['car', 'car'];2;;;;;;;;;;2.0;;;
1549642790212751;['car'];1;;;;;;;;;;1.0;;;
1549642792024872;['truck'];1;;;;;;;;;1.0;;;;
1549642797451804;['car'];1;;;;;;;;;;1.0;;;
1549642799261356;['car'];1;;;;;;;;;;1.0;;;
1549642801076752;['car', 'car', 'car'];3;;;;;;;;;;3.0;;;
1549642802948527;['car', 'car'];2;;;;;;;;;;2.0;;;
1549642804819087;['car', 'truck', 'car'];3;;;;;;;;;1.0;2.0;;;
1549642806695026;['car', 'car', 'truck'];3;;;;;;;;;1.0;2.0;;;
1549642808509862;['car', 'car', 'car', 'car'];4;;;;;;;;;;4.0;;;
1549642810374613;['car', 'car', 'truck'];3;;;;;;;;;1.0;2.0;;;
1549642812185121;['car', 'truck'];2;;;;;;;;;1.0;1.0;;;
1549642814060798;['train', 'car'];2;;;;;;;;1.0;;1.0;;;
1549642815943918;['car', 'truck', 'car', 'car'];4;;;;;;;;;1.0;3.0;;;
1549642817755134;['car', 'car'];2;;;;;;;;;;2.0;;;
1549642823311741;['car'];1;;;;;;;;;;1.0;;;
1549642827050099;['car'];1;;;;;;;;;;1.0;;;
1549642830730680;['car'];1;;;;;;;;;;1.0;;;
1549642832539718;['car', 'car'];2;;;;;;;;;;2.0;;;
1549642834351096;['truck', 'car'];2;;;;;;;;;1.0;1.0;;;
1549642843576915;['car'];1;;;;;;;;;;1.0;;;
1549642845389010;['truck'];1;;;;;;;;;1.0;;;;
1549642856497872;['car'];1;;;;;;;;;;1.0;;;
1549642858369772;['truck'];1;;;;;;;;;1.0;;;;
1549642860238570;['car'];1;;;;;;;;;;1.0;;;
1549642863861631;['car'];1;;;;;;;;;;1.0;;;
1549642865674185;['car', 'car'];2;;;;;;;;;;2.0;;;
1549642867479309;['car', 'car', 'car'];3;;;;;;;;;;3.0;;;
1549642871162061;['car', 'car', 'car', 'truck'];4;;;;;;;;;1.0;3.0;;;
1549642872987037;['car', 'car'];2;;;;;;;;;;2.0;;;
1549642874789120;['car', 'car'];2;;;;;;;;;;2.0;;;
1549642876659009;['car'];1;;;;;;;;;;1.0;;;
1549642878465610;['truck', 'car', 'person'];3;;;;;;1.0;;;1.0;1.0;;;
1549642880280662;['car'];1;;;;;;;;;;1.0;;;
1549642882093650;['car', 'car'];2;;;;;;;;;;2.0;;;
1549642883898553;['truck'];1;;;;;;;;;1.0;;;;
1549642885707217;['car'];1;;;;;;;;;;1.0;;;
1549642887517865;['car'];1;;;;;;;;;;1.0;;;
1549642889331112;['truck', 'car', 'car', 'truck'];4;;;;;;;;;2.0;2.0;;;
1549642902236370;['car'];1;;;;;;;;;;1.0;;;
1549642904109943;['car'];1;;;;;;;;;;1.0;;;
1549642906040280;['car'];1;;;;;;;;;;1.0;;;
1549642907849921;['car', 'car'];2;;;;;;;;;;2.0;;;
1549642909715044;['car', 'car'];2;;;;;;;;;;2.0;;;
1549642911644854;['car'];1;;;;;;;;;;1.0;;;
1549642915262792;['car', 'car'];2;;;;;;;;;;2.0;;;
1549642919002068;['car'];1;;;;;;;;;;1.0;;;
1549642920815725;['car'];1;;;;;;;;;;1.0;;;
1549642922689172;['car', 'car'];2;;;;;;;;;;2.0;;;
1549642924492590;['car'];1;;;;;;;;;;1.0;;;
1549642926364535;['car', 'stop sign'];2;;;;;1.0;;;;;1.0;;;
1549642928173100;['car'];1;;;;;;;;;;1.0;;;
1549642929983320;['truck'];1;;;;;;;;;1.0;;;;
1549642931794862;['car'];1;;;;;;;;;;1.0;;;
1549642933600110;['car', 'car'];2;;;;;;;;;;2.0;;;
1549642935408354;['car', 'car', 'truck'];3;;;;;;;;;1.0;2.0;;;
1549642937283824;['car', 'car'];2;;;;;;;;;;2.0;;;
1549642941024098;['car'];1;;;;;;;;;;1.0;;;
1549642944646108;['car'];1;;;;;;;;;;1.0;;;
1549642946453405;['car'];1;;;;;;;;;;1.0;;;
1549642948385624;['truck', 'car'];2;;;;;;;;;1.0;1.0;;;
1549642950197007;['car'];1;;;;;;;;;;1.0;;;
1549642952083497;['truck', 'car'];2;;;;;;;;;1.0;1.0;;;
1549642953950444;['car'];1;;;;;;;;;;1.0;;;
1549642955767657;['car', 'car', 'car'];3;;;;;;;;;;3.0;;;
1549642957583223;['truck'];1;;;;;;;;;1.0;;;;
1549642959452072;['truck', 'car'];2;;;;;;;;;1.0;1.0;;;
1549642961324264;['car', 'car', 'car', 'car'];4;;;;;;;;;;4.0;;;
1549642963195802;['car', 'car', 'car', 'car'];4;;;;;;;;;;4.0;;;
1549642965000542;['car', 'car', 'car'];3;;;;;;;;;;3.0;;;
1549642966825934;['car', 'car', 'car'];3;;;;;;;;;;3.0;;;
1549642968635726;['car', 'car', 'car'];3;;;;;;;;;;3.0;;;
1549642970448781;['car', 'car', 'car'];3;;;;;;;;;;3.0;;;
1549642972252940;['car', 'car', 'truck'];3;;;;;;;;;1.0;2.0;;;
1549642974121335;['truck', 'car', 'car', 'truck', 'car'];5;;;;;;;;;2.0;3.0;;;
1549642975939522;['truck', 'car', 'car', 'car', 'car'];5;;;;;;;;;1.0;4.0;;;
1549642977747455;['car', 'car'];2;;;;;;;;;;2.0;;;
1549642979552166;['car', 'car', 'car'];3;;;;;;;;;;3.0;;;
1549642981424091;['car', 'car'];2;;;;;;;;;;2.0;;;
1549642983231500;['truck', 'car', 'car'];3;;;;;;;;;1.0;2.0;;;
1549642985041455;['car', 'truck'];2;;;;;;;;;1.0;1.0;;;
1549642986918882;['truck', 'car', 'car'];3;;;;;;;;;1.0;2.0;;;
1549642988723502;['person', 'truck', 'car', 'truck'];4;;;;;;1.0;;;2.0;1.0;;;
1549642990591188;['car', 'car'];2;;;;;;;;;;2.0;;;
1549642992398875;['truck'];1;;;;;;;;;1.0;;;;
1549642994153811;['car'];1;;;;;;;;;;1.0;;;
1549642996025021;['car'];1;;;;;;;;;;1.0;;;
1549643001514155;['car', 'truck'];2;;;;;;;;;1.0;1.0;;;
1549643003379507;['truck', 'truck', 'truck', 'truck'];4;;;;;;;;;4.0;;;;
1549643005256351;['truck'];1;;;;;;;;;1.0;;;;
1549643007059827;['truck', 'truck', 'car'];3;;;;;;;;;2.0;1.0;;;
1549643008866136;['truck', 'car'];2;;;;;;;;;1.0;1.0;;;
1549643010680586;['car', 'truck'];2;;;;;;;;;1.0;1.0;;;
1549643012550986;['car', 'truck', 'car'];3;;;;;;;;;1.0;2.0;;;
1549643014363571;['car', 'car'];2;;;;;;;;;;2.0;;;
1549643016225525;['truck', 'car'];2;;;;;;;;;1.0;1.0;;;
1549643018042731;['car', 'car', 'car', 'truck', 'truck'];5;;;;;;;;;2.0;3.0;;;
1549643019850392;['truck', 'car'];2;;;;;;;;;1.0;1.0;;;
1549643021599586;['car', 'car'];2;;;;;;;;;;2.0;;;
1549643023404087;['truck', 'car', 'car'];3;;;;;;;;;1.0;2.0;;;
1549643025211836;['car', 'car', 'car', 'truck'];4;;;;;;;;;1.0;3.0;;;
1549643027027746;['car', 'car', 'car', 'truck'];4;;;;;;;;;1.0;3.0;;;
1549643028844531;['car', 'truck'];2;;;;;;;;;1.0;1.0;;;
1549643030649418;['train', 'car', 'truck'];3;;;;;;;;1.0;1.0;1.0;;;
1549643032457722;['car', 'truck', 'truck'];3;;;;;;;;;2.0;1.0;;;
1549643034332436;['bus', 'truck', 'truck', 'car', 'car'];5;;;;1.0;;;;;2.0;2.0;;;
1549643036144300;['truck', 'car'];2;;;;;;;;;1.0;1.0;;;
1549643037947815;['car', 'car', 'airplane'];3;;;;;;;;;;2.0;1.0;;
1549643039753500;['truck', 'car'];2;;;;;;;;;1.0;1.0;;;
1549643041623453;['truck', 'truck', 'car', 'bus'];4;;;;1.0;;;;;2.0;1.0;;;
1549643043499140;['truck', 'car'];2;;;;;;;;;1.0;1.0;;;
1549643045310595;['truck', 'car', 'car', 'truck'];4;;;;;;;;;2.0;2.0;;;
1549643047113941;['car', 'truck'];2;;;;;;;;;1.0;1.0;;;
1549643048930639;['truck'];1;;;;;;;;;1.0;;;;
1549643054418368;['car'];1;;;;;;;;;;1.0;;;
1549643056284346;['car'];1;;;;;;;;;;1.0;;;
1549643058152642;['car', 'car'];2;;;;;;;;;;2.0;;;
1549643061836623;['car'];1;;;;;;;;;;1.0;;;
1549643065451337;['car'];1;;;;;;;;;;1.0;;;
1549643072884770;['car', 'car'];2;;;;;;;;;;2.0;;;
1549643074696584;['car'];1;;;;;;;;;;1.0;;;
1549643087426886;['car', 'person', 'car'];3;;;;;;1.0;;;;2.0;;;
1549643089291384;['car'];1;;;;;;;;;;1.0;;;
1549643091168056;['car', 'truck'];2;;;;;;;;;1.0;1.0;;;
1549643093034612;['car'];1;;;;;;;;;;1.0;;;
1549643094839386;['car'];1;;;;;;;;;;1.0;;;
1549643096647227;['car', 'car'];2;;;;;;;;;;2.0;;;
1549643098463728;['car'];1;;;;;;;;;;1.0;;;
1549643100276051;['car'];1;;;;;;;;;;1.0;;;
1549643102080721;['car', 'car'];2;;;;;;;;;;2.0;;;
1549643105699506;['truck', 'car'];2;;;;;;;;;1.0;1.0;;;
1549643107511748;['truck'];1;;;;;;;;;1.0;;;;
1549643109441617;['truck'];1;;;;;;;;;1.0;;;;
1549643111247872;['car'];1;;;;;;;;;;1.0;;;
1549643116742641;['car', 'car'];2;;;;;;;;;;2.0;;;
1549643118545858;['car', 'car', 'car'];3;;;;;;;;;;3.0;;;
1549643120361726;['truck'];1;;;;;;;;;1.0;;;;
1549643122171130;['truck', 'car', 'truck', 'car', 'car', 'car'];6;;;;;;;;;2.0;4.0;;;
1549643124035924;['car', 'person'];2;;;;;;1.0;;;;1.0;;;
1549643125913414;['car', 'car', 'car', 'car'];4;;;;;;;;;;4.0;;;
1549643127716705;['train', 'car'];2;;;;;;;;1.0;;1.0;;;
1549643129523371;['car', 'car'];2;;;;;;;;;;2.0;;;
1549643131391934;['car'];1;;;;;;;;;;1.0;;;
1549643133266702;['car', 'car'];2;;;;;;;;;;2.0;;;
1549643135197463;['car', 'car'];2;;;;;;;;;;2.0;;;
1549643137008835;['car'];1;;;;;;;;;;1.0;;;
1549643138813313;['car', 'car'];2;;;;;;;;;;2.0;;;
1549643140685969;['car'];1;;;;;;;;;;1.0;;;
1549643144423561;['truck', 'car'];2;;;;;;;;;1.0;1.0;;;
1549643146298784;['car', 'car', 'car'];3;;;;;;;;;;3.0;;;
1549643148163383;['truck', 'car'];2;;;;;;;;;1.0;1.0;;;
1549643151782108;['car'];1;;;;;;;;;;1.0;;;
1549643153589695;['person'];1;;;;;;1.0;;;;;;;
1549643155404414;['car'];1;;;;;;;;;;1.0;;;
1549643157218649;['car', 'car'];2;;;;;;;;;;2.0;;;
1549643159079966;['truck', 'car', 'car', 'car', 'car'];5;;;;;;;;;1.0;4.0;;;
1549643160908289;['truck'];1;;;;;;;;;1.0;;;;
1549643162713658;['truck', 'car', 'car', 'truck'];4;;;;;;;;;2.0;2.0;;;
1549643164525539;['truck'];1;;;;;;;;;1.0;;;;
1549643177335748;['car', 'car'];2;;;;;;;;;;2.0;;;
1549643182775686;['car', 'car'];2;;;;;;;;;;2.0;;;
1549643184582769;['car'];1;;;;;;;;;;1.0;;;
1549643188207460;['car'];1;;;;;;;;;;1.0;;;
1549643190012033;['car'];1;;;;;;;;;;1.0;;;
1549643191894193;['truck'];1;;;;;;;;;1.0;;;;
1549643193701802;['car', 'truck'];2;;;;;;;;;1.0;1.0;;;
1549643195631792;['car', 'car'];2;;;;;;;;;;2.0;;;
1549643197443541;['car', 'car'];2;;;;;;;;;;2.0;;;
1549643199255672;['car', 'truck'];2;;;;;;;;;1.0;1.0;;;
1549643201123000;['car'];1;;;;;;;;;;1.0;;;
1549643202990688;['car', 'person', 'truck', 'truck'];4;;;;;;1.0;;;2.0;1.0;;;
1549643204798511;['truck', 'car', 'car', 'car'];4;;;;;;;;;1.0;3.0;;;
1549643206614578;['car', 'truck'];2;;;;;;;;;1.0;1.0;;;
1549643208486202;['car', 'truck', 'car'];3;;;;;;;;;1.0;2.0;;;
1549643210289100;['car', 'truck'];2;;;;;;;;;1.0;1.0;;;
1549643212162536;['car', 'car', 'car', 'car', 'truck'];5;;;;;;;;;1.0;4.0;;;
1549643214092817;['car', 'car', 'truck'];3;;;;;;;;;1.0;2.0;;;
1549643215900780;['car', 'car', 'truck'];3;;;;;;;;;1.0;2.0;;;
1549643217710594;['car'];1;;;;;;;;;;1.0;;;
1549643219705328;['car', 'truck'];2;;;;;;;;;1.0;1.0;;;
1549643221517368;['car', 'car'];2;;;;;;;;;;2.0;;;
1549643223384166;['car'];1;;;;;;;;;;1.0;;;
1549643225194433;['car', 'car'];2;;;;;;;;;;2.0;;;
1549643227062580;['car'];1;;;;;;;;;;1.0;;;
1549643228877333;['car'];1;;;;;;;;;;1.0;;;
1549643232492518;['car'];1;;;;;;;;;;1.0;;;
1549643237988644;['car'];1;;;;;;;;;;1.0;;;
1549643239918862;['car'];1;;;;;;;;;;1.0;;;
1549643245344732;['stop sign', 'person'];2;;;;;1.0;1.0;;;;;;;
1549643258077546;['person'];1;;;;;;1.0;;;;;;;
1549643259883189;['car'];1;;;;;;;;;;1.0;;;
1549643261750861;['truck'];1;;;;;;;;;1.0;;;;
1549643263627623;['truck'];1;;;;;;;;;1.0;;;;
1549643265439116;['truck'];1;;;;;;;;;1.0;;;;
1549643270922772;['car', 'car'];2;;;;;;;;;;2.0;;;
1549643274546709;['car', 'person'];2;;;;;;1.0;;;;1.0;;;
1549643276350344;['car', 'car'];2;;;;;;;;;;2.0;;;
1549643278158518;['car', 'stop sign', 'car'];3;;;;;1.0;;;;;2.0;;;
1549643279973411;['car', 'car'];2;;;;;;;;;;2.0;;;
1549643285399354;['car'];1;;;;;;;;;;1.0;;;
1549643287210430;['car', 'car'];2;;;;;;;;;;2.0;;;
1549643290953048;['truck'];1;;;;;;;;;1.0;;;;
1549643292820507;['car', 'car'];2;;;;;;;;;;2.0;;;
1549643294626807;['car', 'car'];2;;;;;;;;;;2.0;;;
1549643296441327;['car', 'car'];2;;;;;;;;;;2.0;;;
1549643298251369;['car', 'car', 'car'];3;;;;;;;;;;3.0;;;
1549643300181739;['truck', 'car', 'car'];3;;;;;;;;;1.0;2.0;;;
1549643302068533;['car', 'car', 'car', 'car'];4;;;;;;;;;;4.0;;;
1549643303874623;['car', 'car', 'car'];3;;;;;;;;;;3.0;;;
1549643305682172;['car', 'car'];2;;;;;;;;;;2.0;;;
1549643307492395;['car', 'car'];2;;;;;;;;;;2.0;;;
1549643309369381;['person', 'person', 'car', 'truck'];4;;;;;;2.0;;;1.0;1.0;;;
1549643311235541;['car'];1;;;;;;;;;;1.0;;;
1549643313041358;['car', 'car'];2;;;;;;;;;;2.0;;;
1549643314848232;['car', 'car'];2;;;;;;;;;;2.0;;;
1549643316662826;['car'];1;;;;;;;;;;1.0;;;
1549643318476520;['car'];1;;;;;;;;;;1.0;;;
1549643320280906;['car'];1;;;;;;;;;;1.0;;;
1549643322154638;['car'];1;;;;;;;;;;1.0;;;
1549643324019465;['car'];1;;;;;;;;;;1.0;;;
1549643325829402;['car', 'car'];2;;;;;;;;;;2.0;;;
1549643327642341;['car', 'car', 'car', 'car'];4;;;;;;;;;;4.0;;;
1549643329447878;['car', 'car', 'car'];3;;;;;;;;;;3.0;;;
1549643331254344;['car', 'car', 'car', 'car', 'car'];5;;;;;;;;;;5.0;;;
1549643333069877;['car', 'car', 'car', 'car'];4;;;;;;;;;;4.0;;;
1549643334999613;['car', 'car', 'car'];3;;;;;;;;;;3.0;;;
1549643336872304;['car', 'car', 'car'];3;;;;;;;;;;3.0;;;
1549643338675984;['truck', 'car', 'car', 'car'];4;;;;;;;;;1.0;3.0;;;
1549643340492018;['truck', 'car', 'truck', 'car', 'car'];5;;;;;;;;;2.0;3.0;;;
1549643342356161;['truck', 'car', 'truck', 'truck', 'car'];5;;;;;;;;;3.0;2.0;;;
1549643344166579;['truck', 'car'];2;;;;;;;;;1.0;1.0;;;
1549643346097226;['car', 'car', 'car'];3;;;;;;;;;;3.0;;;
1549643347976000;['truck', 'car', 'truck'];3;;;;;;;;;2.0;1.0;;;
1549643349779217;['car', 'truck'];2;;;;;;;;;1.0;1.0;;;
1549643351583709;['car', 'truck', 'car', 'car'];4;;;;;;;;;1.0;3.0;;;
1549643353513658;['car', 'truck'];2;;;;;;;;;1.0;1.0;;;
1549643355329180;['car', 'truck', 'car'];3;;;;;;;;;1.0;2.0;;;
1549643357139931;['car', 'car', 'car'];3;;;;;;;;;;3.0;;;
1549643359011329;['car', 'car', 'truck', 'car'];4;;;;;;;;;1.0;3.0;;;
1549643360815655;['car'];1;;;;;;;;;;1.0;;;
1549643362623406;['car', 'person', 'car'];3;;;;;;1.0;;;;2.0;;;
1549643364433402;['car', 'car'];2;;;;;;;;;;2.0;;;
1549643366246529;['car', 'car'];2;;;;;;;;;;2.0;;;
1549643368051859;['car'];1;;;;;;;;;;1.0;;;
1549643369860032;['car'];1;;;;;;;;;;1.0;;;
1549643371675118;['car'];1;;;;;;;;;;1.0;;;
1549643373546719;['car'];1;;;;;;;;;;1.0;;;
1549643375418182;['car'];1;;;;;;;;;;1.0;;;
1549643377223693;['car'];1;;;;;;;;;;1.0;;;
1549643379096606;['car'];1;;;;;;;;;;1.0;;;
1549643380906304;['car', 'car', 'car'];3;;;;;;;;;;3.0;;;
1549643382719003;['car', 'car'];2;;;;;;;;;;2.0;;;
1549643384520885;['car', 'car'];2;;;;;;;;;;2.0;;;
1549643386328486;['car', 'car'];2;;;;;;;;;;2.0;;;
1549643388142631;['car', 'car', 'car', 'car'];4;;;;;;;;;;4.0;;;
1549643390012393;['car'];1;;;;;;;;;;1.0;;;
1549643391884914;['truck', 'car'];2;;;;;;;;;1.0;1.0;;;
1549643393754822;['car'];1;;;;;;;;;;1.0;;;
1549643395565716;['car'];1;;;;;;;;;;1.0;;;
1549643397372536;['car'];1;;;;;;;;;;1.0;;;
1549643399247870;['car', 'car'];2;;;;;;;;;;2.0;;;
1549643401065483;['car', 'car'];2;;;;;;;;;;2.0;;;
1549643402869669;['car', 'person', 'car'];3;;;;;;1.0;;;;2.0;;;
1549643404738125;['car'];1;;;;;;;;;;1.0;;;
1549643406546911;['car', 'truck'];2;;;;;;;;;1.0;1.0;;;
1549643408361065;['car'];1;;;;;;;;;;1.0;;;
1549643410175670;['car'];1;;;;;;;;;;1.0;;;
1549643411979654;['car'];1;;;;;;;;;;1.0;;;
1549643413786806;['car'];1;;;;;;;;;;1.0;;;
1549643415600015;['car', 'car'];2;;;;;;;;;;2.0;;;
1549643417410437;['car', 'car', 'car'];3;;;;;;;;;;3.0;;;
1549643419214018;['car', 'car', 'car', 'car'];4;;;;;;;;;;4.0;;;
1549643421145910;['car', 'truck', 'car', 'truck'];4;;;;;;;;;2.0;2.0;;;
1549643422952942;['car', 'car', 'car'];3;;;;;;;;;;3.0;;;
1549643424883088;['car', 'car', 'car', 'car'];4;;;;;;;;;;4.0;;;
1549643426758326;['car', 'car', 'car'];3;;;;;;;;;;3.0;;;
1549643428569899;['car', 'car', 'car'];3;;;;;;;;;;3.0;;;
1549643430374736;['car', 'car'];2;;;;;;;;;;2.0;;;
1549643434054116;['truck'];1;;;;;;;;;1.0;;;;
1549643437677607;['car'];1;;;;;;;;;;1.0;;;
1549643439483213;['car'];1;;;;;;;;;;1.0;;;
1549643441290547;['car'];1;;;;;;;;;;1.0;;;
1549643443165225;['car', 'car', 'car'];3;;;;;;;;;;3.0;;;
1549643444976438;['truck', 'car'];2;;;;;;;;;1.0;1.0;;;
1549643446781910;['car'];1;;;;;;;;;;1.0;;;
1549643448596881;['car'];1;;;;;;;;;;1.0;;;
1549643454279916;['car', 'car', 'car', 'car'];4;;;;;;;;;;4.0;;;
1549643456144254;['car'];1;;;;;;;;;;1.0;;;
1549643457958181;['car', 'car', 'car'];3;;;;;;;;;;3.0;;;
1549643459829244;['car', 'car'];2;;;;;;;;;;2.0;;;
1549643463390002;['car'];1;;;;;;;;;;1.0;;;
1549643465261369;['car', 'car'];2;;;;;;;;;;2.0;;;
1549643467135429;['car', 'car', 'car'];3;;;;;;;;;;3.0;;;
1549643469061971;['car', 'car', 'car', 'car'];4;;;;;;;;;;4.0;;;
1549643470925182;['car', 'car', 'car'];3;;;;;;;;;;3.0;;;
1549643472742155;['truck', 'car'];2;;;;;;;;;1.0;1.0;;;
1549643474550097;['car', 'truck', 'car', 'car'];4;;;;;;;;;1.0;3.0;;;
1549643476362621;['truck', 'car'];2;;;;;;;;;1.0;1.0;;;
1549643480097672;['truck'];1;;;;;;;;;1.0;;;;
1549643481902865;['truck'];1;;;;;;;;;1.0;;;;
1549643483771625;['truck'];1;;;;;;;;;1.0;;;;
1549643485587081;['truck', 'car'];2;;;;;;;;;1.0;1.0;;;
1549643487399395;['truck', 'car'];2;;;;;;;;;1.0;1.0;;;
1549643489204961;['truck', 'car'];2;;;;;;;;;1.0;1.0;;;
1549643491014270;['truck'];1;;;;;;;;;1.0;;;;
1549643492888173;['car', 'truck'];2;;;;;;;;;1.0;1.0;;;
1549643494753713;['truck'];1;;;;;;;;;1.0;;;;
1549643498433654;['truck', 'car'];2;;;;;;;;;1.0;1.0;;;
1549643500302078;['truck'];1;;;;;;;;;1.0;;;;
1549643502170346;['truck', 'truck'];2;;;;;;;;;2.0;;;;
1549643503985882;['truck'];1;;;;;;;;;1.0;;;;
1549643505797117;['truck', 'truck'];2;;;;;;;;;2.0;;;;
1549643507726952;['truck'];1;;;;;;;;;1.0;;;;
1549643509529563;['truck'];1;;;;;;;;;1.0;;;;
1549643511403978;['truck'];1;;;;;;;;;1.0;;;;
1549643513212145;['truck', 'person', 'truck'];3;;;;;;1.0;;;2.0;;;;
1549643515088439;['truck'];1;;;;;;;;;1.0;;;;
1549643516950718;['truck', 'truck'];2;;;;;;;;;2.0;;;;
1549643518763728;['truck', 'truck'];2;;;;;;;;;2.0;;;;
1549643520569131;['truck'];1;;;;;;;;;1.0;;;;
1549643522438097;['truck'];1;;;;;;;;;1.0;;;;
1549643524251132;['truck', 'truck'];2;;;;;;;;;2.0;;;;
1549643546272554;['car'];1;;;;;;;;;;1.0;;;
1549643550066428;['car'];1;;;;;;;;;;1.0;;;
1549643551881478;['car'];1;;;;;;;;;;1.0;;;
1549643553746839;['car'];1;;;;;;;;;;1.0;;;
1549643555555998;['car'];1;;;;;;;;;;1.0;;;
1549643557433257;['car'];1;;;;;;;;;;1.0;;;
1549643559298827;['car'];1;;;;;;;;;;1.0;;;
1549643561105282;['car', 'truck', 'car'];3;;;;;;;;;1.0;2.0;;;
1549643562911572;['car', 'truck'];2;;;;;;;;;1.0;1.0;;;
1549643564788795;['car'];1;;;;;;;;;;1.0;;;
1549643566598249;['car', 'person'];2;;;;;;1.0;;;;1.0;;;
1549643568417835;['car', 'car', 'truck'];3;;;;;;;;;1.0;2.0;;;
1549643570349494;['car', 'car', 'car'];3;;;;;;;;;;3.0;;;
1549643572165826;['car', 'car', 'truck', 'truck'];4;;;;;;;;;2.0;2.0;;;
1549643574029425;['car', 'truck', 'car', 'car', 'truck'];5;;;;;;;;;2.0;3.0;;;
1549643575904707;['car'];1;;;;;;;;;;1.0;;;
1549643577715155;['car'];1;;;;;;;;;;1.0;;;
1549643579520031;['car', 'truck', 'car', 'train'];4;;;;;;;;1.0;1.0;2.0;;;
1549643581388169;['train', 'car', 'car'];3;;;;;;;;1.0;;2.0;;;
1549643583258219;['car'];1;;;;;;;;;;1.0;;;
1549643585126443;['car', 'person'];2;;;;;;1.0;;;;1.0;;;
1549643586942475;['car', 'car'];2;;;;;;;;;;2.0;;;
1549643588754299;['car', 'car'];2;;;;;;;;;;2.0;;;
1549643590559836;['car'];1;;;;;;;;;;1.0;;;
1549643594242043;['car'];1;;;;;;;;;;1.0;;;
1549643596052474;['fire hydrant', 'car'];2;;;;;;;;;;1.0;;;1.0
1549643597857006;['car'];1;;;;;;;;;;1.0;;;
1549643599664885;['car'];1;;;;;;;;;;1.0;;;
1549643601478498;['car', 'car'];2;;;;;;;;;;2.0;;;
1549643603289223;['truck', 'car'];2;;;;;;;;;1.0;1.0;;;
1549643605173710;['truck', 'car'];2;;;;;;;;;1.0;1.0;;;
1549643606978868;['car', 'car', 'car', 'car', 'car'];5;;;;;;;;;;5.0;;;
1549643608853237;['car', 'car'];2;;;;;;;;;;2.0;;;
1549643610676729;['car', 'car'];2;;;;;;;;;;2.0;;;
1549643612488235;['car'];1;;;;;;;;;;1.0;;;
1549643614369477;['car'];1;;;;;;;;;;1.0;;;
1549643616244735;['car'];1;;;;;;;;;;1.0;;;
1549643618050403;['car'];1;;;;;;;;;;1.0;;;
1549643619865609;['car', 'car'];2;;;;;;;;;;2.0;;;
1549643621677478;['car', 'car', 'car'];3;;;;;;;;;;3.0;;;
1549643623486579;['car', 'car', 'car'];3;;;;;;;;;;3.0;;;
1549643625303263;['car', 'car', 'car', 'car'];4;;;;;;;;;;4.0;;;
1549643627112455;['truck'];1;;;;;;;;;1.0;;;;
1549643628977769;['car'];1;;;;;;;;;;1.0;;;
1549643630789504;['car', 'car', 'car'];3;;;;;;;;;;3.0;;;
1549643632594494;['car'];1;;;;;;;;;;1.0;;;
1549643634402631;['car'];1;;;;;;;;;;1.0;;;
1549643638089002;['car', 'car'];2;;;;;;;;;;2.0;;;
1549643639893438;['car'];1;;;;;;;;;;1.0;;;
1549643643574677;['car'];1;;;;;;;;;;1.0;;;
1549643658119399;['person'];1;;;;;;1.0;;;;;;;
1549643659926129;['person'];1;;;;;;1.0;;;;;;;
1549643663603996;['car'];1;;;;;;;;;;1.0;;;
1549643667161711;['car'];1;;;;;;;;;;1.0;;;
1549643669031442;['car', 'car'];2;;;;;;;;;;2.0;;;
1549643670904341;['car', 'car'];2;;;;;;;;;;2.0;;;
1549643678143802;['car'];1;;;;;;;;;;1.0;;;
1549643679962851;['car'];1;;;;;;;;;;1.0;;;
1549643681832701;['car'];1;;;;;;;;;;1.0;;;
1549643694621459;['car', 'car'];2;;;;;;;;;;2.0;;;
1549643696432807;['car', 'car'];2;;;;;;;;;;2.0;;;
1549643698239740;['car', 'car', 'car'];3;;;;;;;;;;3.0;;;
1549643700045591;['car'];1;;;;;;;;;;1.0;;;
1549643701861868;['car'];1;;;;;;;;;;1.0;;;
1549643703733435;['car', 'car', 'car'];3;;;;;;;;;;3.0;;;
1549643705536828;['car', 'car'];2;;;;;;;;;;2.0;;;
1549643707353939;['train', 'car', 'car'];3;;;;;;;;1.0;;2.0;;;
1549643709163374;['truck'];1;;;;;;;;;1.0;;;;
1549643710974967;['car', 'car'];2;;;;;;;;;;2.0;;;
1549643712777925;['car'];1;;;;;;;;;;1.0;;;
1549643714646182;['car', 'car', 'car'];3;;;;;;;;;;3.0;;;
1549643716453810;['truck', 'car', 'car'];3;;;;;;;;;1.0;2.0;;;
1549643718269123;['car', 'train', 'truck'];3;;;;;;;;1.0;1.0;1.0;;;
1549643720081758;['car', 'car'];2;;;;;;;;;;2.0;;;
1549643721887749;['car', 'car'];2;;;;;;;;;;2.0;;;
1549643723695295;['car'];1;;;;;;;;;;1.0;;;
1549643725569897;['car', 'car'];2;;;;;;;;;;2.0;;;
1549643727381939;['car'];1;;;;;;;;;;1.0;;;
1549643729185762;['car'];1;;;;;;;;;;1.0;;;
1549643730994135;['car'];1;;;;;;;;;;1.0;;;
1549643732861535;['car'];1;;;;;;;;;;1.0;;;
1549643734676970;['car'];1;;;;;;;;;;1.0;;;
1549643738364533;['car', 'car', 'car'];3;;;;;;;;;;3.0;;;
1549643740181067;['car', 'car'];2;;;;;;;;;;2.0;;;
1549643741990812;['car', 'car'];2;;;;;;;;;;2.0;;;
1549643743855459;['car'];1;;;;;;;;;;1.0;;;
1549643745733097;['car', 'car'];2;;;;;;;;;;2.0;;;
1549643747537130;['car', 'truck'];2;;;;;;;;;1.0;1.0;;;
1549643749351638;['truck'];1;;;;;;;;;1.0;;;;
1549643751166262;['truck', 'car', 'car', 'truck'];4;;;;;;;;;2.0;2.0;;;
1549643753035004;['car', 'truck', 'truck'];3;;;;;;;;;2.0;1.0;;;
1549643754848606;['car', 'truck'];2;;;;;;;;;1.0;1.0;;;
1549643756777741;['truck'];1;;;;;;;;;1.0;;;;
1549643760457718;['bus'];1;;;;1.0;;;;;;;;;
1549643764078544;['car'];1;;;;;;;;;;1.0;;;
1549643765882075;['truck', 'car', 'truck'];3;;;;;;;;;2.0;1.0;;;
1549643767749514;['car', 'truck'];2;;;;;;;;;1.0;1.0;;;
1549643769618401;['car'];1;;;;;;;;;;1.0;;;
1549643771433456;['car'];1;;;;;;;;;;1.0;;;
1549643773243707;['car'];1;;;;;;;;;;1.0;;;
1549643775047648;['car'];1;;;;;;;;;;1.0;;;
1549643776865114;['car'];1;;;;;;;;;;1.0;;;
1549643778673215;['car'];1;;;;;;;;;;1.0;;;
1549643780485098;['car', 'car'];2;;;;;;;;;;2.0;;;
1549643782289830;['car', 'car'];2;;;;;;;;;;2.0;;;
1549643784157714;['car', 'car'];2;;;;;;;;;;2.0;;;
1549643785964390;['car'];1;;;;;;;;;;1.0;;;
1549643787780264;['car'];1;;;;;;;;;;1.0;;;
1549643789593664;['train', 'person'];2;;;;;;1.0;;1.0;;;;;
1549643791397726;['car'];1;;;;;;;;;;1.0;;;
1549643793205820;['car'];1;;;;;;;;;;1.0;;;
1549643795015559;['car'];1;;;;;;;;;;1.0;;;
1549643798633504;['car'];1;;;;;;;;;;1.0;;;
1549643802316769;['car'];1;;;;;;;;;;1.0;;;
1549643804200652;['car'];1;;;;;;;;;;1.0;;;
1549643806071541;['car'];1;;;;;;;;;;1.0;;;
1549643807876152;['car', 'car'];2;;;;;;;;;;2.0;;;
1549643809626402;['car'];1;;;;;;;;;;1.0;;;
1549643811436479;['car', 'car'];2;;;;;;;;;;2.0;;;
1549643813249084;['car', 'car'];2;;;;;;;;;;2.0;;;
1549643815117627;['car'];1;;;;;;;;;;1.0;;;
1549643816985739;['car'];1;;;;;;;;;;1.0;;;
1549643818852757;['car'];1;;;;;;;;;;1.0;;;
1549643820721979;['car'];1;;;;;;;;;;1.0;;;
1549643822538895;['car'];1;;;;;;;;;;1.0;;;
1549643824349677;['person', 'car', 'car', 'car'];4;;;;;;1.0;;;;3.0;;;
1549643826155151;['car', 'car', 'car'];3;;;;;;;;;;3.0;;;
1549643828028638;['car', 'car'];2;;;;;;;;;;2.0;;;
1549643829898396;['car', 'car', 'car'];3;;;;;;;;;;3.0;;;
1549643831708817;['car', 'car'];2;;;;;;;;;;2.0;;;
1549643833521323;['car', 'car'];2;;;;;;;;;;2.0;;;
1549643835327090;['person', 'car', 'person', 'car', 'car', 'car'];6;;;;;;2.0;;;;4.0;;;
1549643837196548;['car', 'car'];2;;;;;;;;;;2.0;;;
1549643839009656;['car', 'car'];2;;;;;;;;;;2.0;;;
1549643840827646;['car', 'car'];2;;;;;;;;;;2.0;;;
1549643842698884;['car', 'car', 'car'];3;;;;;;;;;;3.0;;;
1549643844516534;['car'];1;;;;;;;;;;1.0;;;
1549643846324133;['car', 'car'];2;;;;;;;;;;2.0;;;
1549643848134407;['car', 'car'];2;;;;;;;;;;2.0;;;
1549643849946410;['car', 'car', 'car'];3;;;;;;;;;;3.0;;;
1549643851751817;['car', 'car'];2;;;;;;;;;;2.0;;;
1549643853575750;['car'];1;;;;;;;;;;1.0;;;
1549643855505578;['car', 'car'];2;;;;;;;;;;2.0;;;
1549643857321674;['car', 'car'];2;;;;;;;;;;2.0;;;
1549643859132652;['car', 'car'];2;;;;;;;;;;2.0;;;
1549643860939193;['car', 'car'];2;;;;;;;;;;2.0;;;
1549643862747574;['car', 'car'];2;;;;;;;;;;2.0;;;
1549643864568183;['car', 'car'];2;;;;;;;;;;2.0;;;
1549643866383211;['car', 'truck', 'truck'];3;;;;;;;;;2.0;1.0;;;
1549643868248220;['car', 'car'];2;;;;;;;;;;2.0;;;
1549643870055114;['car', 'car'];2;;;;;;;;;;2.0;;;
1549643871984763;['car', 'car'];2;;;;;;;;;;2.0;;;
1549643873800478;['car'];1;;;;;;;;;;1.0;;;
1549643875675375;['car', 'car', 'car', 'car'];4;;;;;;;;;;4.0;;;
1549643877489331;['car', 'car', 'car', 'truck'];4;;;;;;;;;1.0;3.0;;;
1549643879351369;['car', 'car'];2;;;;;;;;;;2.0;;;
1549643881167607;['car'];1;;;;;;;;;;1.0;;;
1549643882977255;['car', 'car'];2;;;;;;;;;;2.0;;;
1549643884787953;['person', 'car', 'car'];3;;;;;;1.0;;;;2.0;;;
1549643886591258;['truck'];1;;;;;;;;;1.0;;;;
1549643888399826;['car'];1;;;;;;;;;;1.0;;;
1549643890213430;['car'];1;;;;;;;;;;1.0;;;
1549643892024344;['car', 'car', 'car'];3;;;;;;;;;;3.0;;;
1549643893896075;['car', 'car', 'car'];3;;;;;;;;;;3.0;;;
1549643895701448;['car', 'car', 'car', 'car'];4;;;;;;;;;;4.0;;;
1549643897574745;['car', 'car', 'car'];3;;;;;;;;;;3.0;;;
1549643899438698;['car', 'car', 'car'];3;;;;;;;;;;3.0;;;
1549643901248508;['car'];1;;;;;;;;;;1.0;;;
1549643903063310;['car', 'car'];2;;;;;;;;;;2.0;;;
1549643904867828;['car', 'car', 'car', 'car'];4;;;;;;;;;;4.0;;;
1549643906675353;['car', 'car'];2;;;;;;;;;;2.0;;;
1549643908490173;['car'];1;;;;;;;;;;1.0;;;
1549643910301999;['car', 'car', 'car'];3;;;;;;;;;;3.0;;;
1549643912165879;['car', 'car', 'car', 'car'];4;;;;;;;;;;4.0;;;
1549643913983750;['car', 'car', 'car', 'car'];4;;;;;;;;;;4.0;;;
1549643915794058;['car', 'car'];2;;;;;;;;;;2.0;;;
1549643917617200;['car', 'car'];2;;;;;;;;;;2.0;;;
1549643919423653;['car', 'car', 'car', 'truck'];4;;;;;;;;;1.0;3.0;;;
1549643921228487;['car', 'car', 'car'];3;;;;;;;;;;3.0;;;
1549643923098103;['car', 'car', 'car'];3;;;;;;;;;;3.0;;;
1549643924914762;['car', 'car'];2;;;;;;;;;;2.0;;;
1549643926724761;['car', 'car', 'car'];3;;;;;;;;;;3.0;;;
1549643928530906;['car', 'car'];2;;;;;;;;;;2.0;;;
1549643930350985;['car'];1;;;;;;;;;;1.0;;;
1549643932160487;['car', 'car'];2;;;;;;;;;;2.0;;;
1549643933974824;['car'];1;;;;;;;;;;1.0;;;
1549643935780060;['car'];1;;;;;;;;;;1.0;;;
1549643937587026;['car'];1;;;;;;;;;;1.0;;;
1549643939401354;['car'];1;;;;;;;;;;1.0;;;
1549643941273561;['stop sign', 'car', 'stop sign'];3;;;;;2.0;;;;;1.0;;;
1549643943020033;['person', 'car', 'car'];3;;;;;;1.0;;;;2.0;;;
1549643944906721;['car', 'car'];2;;;;;;;;;;2.0;;;
1549643946715783;['car'];1;;;;;;;;;;1.0;;;
1549643948527974;['car', 'car'];2;;;;;;;;;;2.0;;;
1549643950394451;['car', 'car'];2;;;;;;;;;;2.0;;;
1549643952198677;['train', 'car', 'clock', 'car', 'person'];5;;1.0;;;;1.0;;1.0;;2.0;;;
1549643954006768;['car'];1;;;;;;;;;;1.0;;;
1549643955881320;['car', 'person'];2;;;;;;1.0;;;;1.0;;;
1549643957811426;['car'];1;;;;;;;;;;1.0;;;
1549643959624259;['car', 'car'];2;;;;;;;;;;2.0;;;
1549643961429778;['car', 'car'];2;;;;;;;;;;2.0;;;
1549643963244272;['car'];1;;;;;;;;;;1.0;;;
1549643965107767;['car', 'car', 'car'];3;;;;;;;;;;3.0;;;
1549643966918397;['car', 'car'];2;;;;;;;;;;2.0;;;
1549643968732572;['car'];1;;;;;;;;;;1.0;;;
1549643970536709;['car'];1;;;;;;;;;;1.0;;;
1549643972467168;['car', 'car', 'car'];3;;;;;;;;;;3.0;;;
1549643974336223;['car'];1;;;;;;;;;;1.0;;;
1549643976149658;['car'];1;;;;;;;;;;1.0;;;
1549643979764789;['bus', 'car', 'car'];3;;;;1.0;;;;;;2.0;;;
1549643981638094;['car'];1;;;;;;;;;;1.0;;;
1549643983511946;['car'];1;;;;;;;;;;1.0;;;
1549643985320243;['car', 'car', 'car'];3;;;;;;;;;;3.0;;;
1549643987185939;['car', 'car'];2;;;;;;;;;;2.0;;;
1549643988999075;['car', 'car'];2;;;;;;;;;;2.0;;;
1549643990804434;['car', 'car'];2;;;;;;;;;;2.0;;;
1549643994971553;['car'];1;;;;;;;;;;1.0;;;
1549643996783217;['car'];1;;;;;;;;;;1.0;;;
1549644004260184;['person'];1;;;;;;1.0;;;;;;;
1549644011505494;['car'];1;;;;;;;;;;1.0;;;
1549644013314306;['car'];1;;;;;;;;;;1.0;;;
1549644016930130;['car'];1;;;;;;;;;;1.0;;;
1549644018737285;['truck', 'car', 'truck'];3;;;;;;;;;2.0;1.0;;;
1549644020564957;['car'];1;;;;;;;;;;1.0;;;
1549644022433441;['car', 'bus'];2;;;;1.0;;;;;;1.0;;;
1549644024246182;['car', 'car', 'car', 'truck'];4;;;;;;;;;1.0;3.0;;;
1549644026053328;['car', 'car', 'car'];3;;;;;;;;;;3.0;;;
1549644027859945;['car'];1;;;;;;;;;;1.0;;;
1549644029670325;['car', 'car'];2;;;;;;;;;;2.0;;;
1549644031483648;['car', 'car'];2;;;;;;;;;;2.0;;;
1549644033287986;['person', 'car', 'car'];3;;;;;;1.0;;;;2.0;;;
1549644035162285;['car', 'car', 'car'];3;;;;;;;;;;3.0;;;
1549644037032942;['car', 'car', 'car'];3;;;;;;;;;;3.0;;;
1549644038846937;['fire hydrant', 'car', 'car'];3;;;;;;;;;;2.0;;;1.0
1549644040718625;['truck', 'car', 'car'];3;;;;;;;;;1.0;2.0;;;
1549644046146905;['car'];1;;;;;;;;;;1.0;;;
1549644053401779;['car'];1;;;;;;;;;;1.0;;;
1549644055272690;['car'];1;;;;;;;;;;1.0;;;
1549644057084521;['car'];1;;;;;;;;;;1.0;;;
1549644058889087;['car'];1;;;;;;;;;;1.0;;;
1549644060696444;['car', 'traffic light', 'car'];3;;;;;;;;;;2.0;;1.0;
1549644062507381;['car'];1;;;;;;;;;;1.0;;;
1549644064320130;['car', 'car'];2;;;;;;;;;;2.0;;;
1549644066126297;['car', 'car'];2;;;;;;;;;;2.0;;;
1549644067994390;['car'];1;;;;;;;;;;1.0;;;
1549644069808681;['car'];1;;;;;;;;;;1.0;;;
1549644071619451;['truck', 'car'];2;;;;;;;;;1.0;1.0;;;
1549644081340907;['car', 'car'];2;;;;;;;;;;2.0;;;
1549644084119281;['car', 'car'];2;;;;;;;;;;2.0;;;
1549644085923824;['car', 'truck', 'car'];3;;;;;;;;;1.0;2.0;;;
1549644087731925;['car', 'car'];2;;;;;;;;;;2.0;;;
1549644089541748;['frisbee', 'car'];2;1.0;;;;;;;;;1.0;;;
1549644091355381;['car', 'car', 'car'];3;;;;;;;;;;3.0;;;
1549644093160023;['car'];1;;;;;;;;;;1.0;;;
1549644095028638;['car', 'car', 'car'];3;;;;;;;;;;3.0;;;
1549644096958792;['car'];1;;;;;;;;;;1.0;;;
1549644098827661;['car'];1;;;;;;;;;;1.0;;;
1549644100642683;['car'];1;;;;;;;;;;1.0;;;
1549644102515276;['car'];1;;;;;;;;;;1.0;;;
1549644104385723;['truck', 'car'];2;;;;;;;;;1.0;1.0;;;
1549644106191538;['car', 'person'];2;;;;;;1.0;;;;1.0;;;
1549644108064631;['car', 'car'];2;;;;;;;;;;2.0;;;
1549644109875431;['car', 'car'];2;;;;;;;;;;2.0;;;
1549644111686224;['car', 'car'];2;;;;;;;;;;2.0;;;
1549644113505778;['car', 'person', 'car'];3;;;;;;1.0;;;;2.0;;;
1549644115373211;['car', 'car', 'person'];3;;;;;;1.0;;;;2.0;;;
1549644117181294;['car', 'car', 'car'];3;;;;;;;;;;3.0;;;
1549644119057075;['car', 'car'];2;;;;;;;;;;2.0;;;
1549644120869347;['car'];1;;;;;;;;;;1.0;;;
1549644122672068;['car', 'car'];2;;;;;;;;;;2.0;;;
1549644126232517;['car', 'truck'];2;;;;;;;;;1.0;1.0;;;
1549644128109011;['car', 'car'];2;;;;;;;;;;2.0;;;
1549644129975245;['car'];1;;;;;;;;;;1.0;;;
1549644131842668;['car'];1;;;;;;;;;;1.0;;;
1549644133648840;['car'];1;;;;;;;;;;1.0;;;
1549644135518586;['car'];1;;;;;;;;;;1.0;;;
1549644141009922;['car'];1;;;;;;;;;;1.0;;;
1549644142939865;['car'];1;;;;;;;;;;1.0;;;
1549644144755759;['car', 'car', 'fire hydrant', 'car'];4;;;;;;;;;;3.0;;;1.0
1549644146563976;['bus', 'car', 'car', 'car', 'truck'];5;;;;1.0;;;;;1.0;3.0;;;
1549644148375281;['car'];1;;;;;;;;;;1.0;;;
1549644150180065;['truck', 'truck', 'truck'];3;;;;;;;;;3.0;;;;
1549644153801165;['car', 'car', 'car'];3;;;;;;;;;;3.0;;;
1549644155612494;['car'];1;;;;;;;;;;1.0;;;
1549644157485387;['car', 'car', 'car', 'car'];4;;;;;;;;;;4.0;;;
1549644159290533;['car', 'car', 'car'];3;;;;;;;;;;3.0;;;
1549644161096701;['car', 'truck'];2;;;;;;;;;1.0;1.0;;;
1549644162907326;['traffic light', 'truck'];2;;;;;;;;;1.0;;;1.0;
1549644177203659;['car', 'car'];2;;;;;;;;;;2.0;;;
1549644179010624;['car'];1;;;;;;;;;;1.0;;;
1549644182755152;['car'];1;;;;;;;;;;1.0;;;
1549644186370139;['car', 'car'];2;;;;;;;;;;2.0;;;
1549644188186291;['car', 'car'];2;;;;;;;;;;2.0;;;
1549644189994989;['person', 'car', 'car'];3;;;;;;1.0;;;;2.0;;;
1549644191807662;['car'];1;;;;;;;;;;1.0;;;
1549644193610775;['car', 'car'];2;;;;;;;;;;2.0;;;
1549644195541073;['car'];1;;;;;;;;;;1.0;;;
1549644197408920;['car'];1;;;;;;;;;;1.0;;;
1549644199339624;['car', 'car'];2;;;;;;;;;;2.0;;;
1549644201147792;['car'];1;;;;;;;;;;1.0;;;
1549644202979325;['car', 'clock'];2;;1.0;;;;;;;;1.0;;;
1549644204791490;['car'];1;;;;;;;;;;1.0;;;
1549644210214192;['car'];1;;;;;;;;;;1.0;;;
1549644212091388;['car', 'car', 'car'];3;;;;;;;;;;3.0;;;
1549644214138669;['car'];1;;;;;;;;;;1.0;;;
1549644215950966;['car', 'car', 'bus', 'car'];4;;;;1.0;;;;;;3.0;;;
1549644217692869;['car', 'car', 'car', 'car'];4;;;;;;;;;;4.0;;;
1549644219516747;['car', 'car'];2;;;;;;;;;;2.0;;;
1549644221391448;['car', 'car', 'car'];3;;;;;;;;;;3.0;;;
1549644223202185;['car', 'car'];2;;;;;;;;;;2.0;;;
1549644225075818;['car', 'car', 'car'];3;;;;;;;;;;3.0;;;
1549644227005212;['car', 'car', 'car', 'car'];4;;;;;;;;;;4.0;;;
1549644228867415;['car', 'car', 'car'];3;;;;;;;;;;3.0;;;
1549644230740064;['car', 'car', 'car'];3;;;;;;;;;;3.0;;;
1549644232547909;['car', 'car'];2;;;;;;;;;;2.0;;;
1549644234358986;['car', 'car', 'car', 'car', 'car'];5;;;;;;;;;;5.0;;;
1549644236170999;['car', 'car'];2;;;;;;;;;;2.0;;;
1549644237913802;['car', 'car', 'car', 'car'];4;;;;;;;;;;4.0;;;
1549644239728116;['car', 'car', 'car', 'car'];4;;;;;;;;;;4.0;;;
1549644241539070;['car'];1;;;;;;;;;;1.0;;;
1549644243411459;['car'];1;;;;;;;;;;1.0;;;
1549644245218217;['car', 'car'];2;;;;;;;;;;2.0;;;
1549644247090501;['car', 'car', 'stop sign'];3;;;;;1.0;;;;;2.0;;;
1549644248898873;['car', 'car'];2;;;;;;;;;;2.0;;;
1549644250711316;['truck', 'car', 'car', 'car'];4;;;;;;;;;1.0;3.0;;;
1549644252577923;['car', 'car', 'car', 'car'];4;;;;;;;;;;4.0;;;
1549644254382770;['car', 'car', 'truck', 'car'];4;;;;;;;;;1.0;3.0;;;
1549644256190280;['car'];1;;;;;;;;;;1.0;;;
1549644258006657;['car'];1;;;;;;;;;;1.0;;;
1549644259819317;['car', 'car'];2;;;;;;;;;;2.0;;;
1549644261623967;['car'];1;;;;;;;;;;1.0;;;
1549644263498831;['car', 'car', 'car'];3;;;;;;;;;;3.0;;;
1549644265306928;['car', 'car', 'car', 'car', 'car'];5;;;;;;;;;;5.0;;;
1549644267119142;['car', 'car', 'car'];3;;;;;;;;;;3.0;;;
1549644268984111;['car', 'car'];2;;;;;;;;;;2.0;;;
1549644270791138;['fire hydrant', 'car', 'car'];3;;;;;;;;;;2.0;;;1.0
1549644272597929;['car', 'car', 'car'];3;;;;;;;;;;3.0;;;
1549644274473672;['car', 'car'];2;;;;;;;;;;2.0;;;
1549644276343946;['car', 'car', 'car'];3;;;;;;;;;;3.0;;;
1549644278101824;['car'];1;;;;;;;;;;1.0;;;
1549644279975538;['car'];1;;;;;;;;;;1.0;;;
1549644281905783;['car', 'car'];2;;;;;;;;;;2.0;;;
1549644283835895;['car'];1;;;;;;;;;;1.0;;;
1549644285709253;['car', 'car'];2;;;;;;;;;;2.0;;;
1549644287518703;['car'];1;;;;;;;;;;1.0;;;
1549644289383812;['car'];1;;;;;;;;;;1.0;;;
1549644291195487;['car'];1;;;;;;;;;;1.0;;;
1549644293062793;['car'];1;;;;;;;;;;1.0;;;
1549644294870436;['car', 'clock'];2;;1.0;;;;;;;;1.0;;;
1549644298555076;['car'];1;;;;;;;;;;1.0;;;
1549644300426863;['car'];1;;;;;;;;;;1.0;;;
1549644302230778;['car'];1;;;;;;;;;;1.0;;;
1549644304103586;['car'];1;;;;;;;;;;1.0;;;
1549644305910575;['car'];1;;;;;;;;;;1.0;;;
1549644307786366;['car', 'bus'];2;;;;1.0;;;;;;1.0;;;
1549644309651667;['car'];1;;;;;;;;;;1.0;;;
1549644311527716;['car', 'car', 'car'];3;;;;;;;;;;3.0;;;
1549644313331436;['car'];1;;;;;;;;;;1.0;;;
1549644315138326;['car'];1;;;;;;;;;;1.0;;;
1549644316951999;['car', 'car'];2;;;;;;;;;;2.0;;;
1549644318763451;['car', 'car', 'car', 'fire hydrant'];4;;;;;;;;;;3.0;;;1.0
1549644320567112;['car', 'car'];2;;;;;;;;;;2.0;;;
1549644322383616;['car'];1;;;;;;;;;;1.0;;;
1549644324195554;['car'];1;;;;;;;;;;1.0;;;
1549644326004890;['car', 'car'];2;;;;;;;;;;2.0;;;
1549644327809129;['person'];1;;;;;;1.0;;;;;;;
1549644329614468;['car'];1;;;;;;;;;;1.0;;;
1549644331484389;['car'];1;;;;;;;;;;1.0;;;
1549644333358728;['person', 'car'];2;;;;;;1.0;;;;1.0;;;
1549644338790406;['car'];1;;;;;;;;;;1.0;;;
1549644340654895;['car'];1;;;;;;;;;;1.0;;;
1549644346222659;['car', 'car'];2;;;;;;;;;;2.0;;;
1549644348090095;['car', 'truck'];2;;;;;;;;;1.0;1.0;;;
1549644349957139;['car'];1;;;;;;;;;;1.0;;;
1549644351825634;['car'];1;;;;;;;;;;1.0;;;
1549644353641319;['car', 'car'];2;;;;;;;;;;2.0;;;
1549644357265140;['car'];1;;;;;;;;;;1.0;;;
1549644359082514;['car', 'car'];2;;;;;;;;;;2.0;;;
1549644360890213;['car', 'car'];2;;;;;;;;;;2.0;;;
1549644362702358;['car'];1;;;;;;;;;;1.0;;;
1549644365597907;['car', 'car', 'car', 'car', 'car'];5;;;;;;;;;;5.0;;;
1549644367400994;['car', 'car', 'car', 'car', 'car'];5;;;;;;;;;;5.0;;;
1549644369208746;['car', 'car'];2;;;;;;;;;;2.0;;;
1549644371022342;['car', 'car'];2;;;;;;;;;;2.0;;;
1549644372953072;['car', 'car'];2;;;;;;;;;;2.0;;;
1549644374765427;['car', 'car'];2;;;;;;;;;;2.0;;;
1549644376567403;['car'];1;;;;;;;;;;1.0;;;
1549644378384073;['car', 'car'];2;;;;;;;;;;2.0;;;
1549644380247576;['car', 'car'];2;;;;;;;;;;2.0;;;
1549644382058976;['car'];1;;;;;;;;;;1.0;;;
1549644383934982;['car'];1;;;;;;;;;;1.0;;;
1549644385801059;['car', 'truck', 'car'];3;;;;;;;;;1.0;2.0;;;
1549644387606986;['car', 'tv', 'car', 'car'];4;;;1.0;;;;;;;3.0;;;
1549644389415088;['car', 'car', 'car', 'car'];4;;;;;;;;;;4.0;;;
1549644391290696;['car', 'car'];2;;;;;;;;;;2.0;;;
1549644393100893;['car', 'car'];2;;;;;;;;;;2.0;;;
1549644394905634;['car', 'car', 'car', 'car'];4;;;;;;;;;;4.0;;;
1549644396778267;['car', 'car'];2;;;;;;;;;;2.0;;;
1549644398651109;['car'];1;;;;;;;;;;1.0;;;
1549644400460659;['car', 'car', 'car', 'clock'];4;;1.0;;;;;;;;3.0;;;
1549644402271535;['car'];1;;;;;;;;;;1.0;;;
1549644404138276;['car'];1;;;;;;;;;;1.0;;;
1549644405943636;['car', 'car', 'car', 'car', 'car', 'car'];6;;;;;;;;;;6.0;;;
1549644407812900;['car', 'car'];2;;;;;;;;;;2.0;;;
1549644409682276;['stop sign'];1;;;;;1.0;;;;;;;;
1549644411612046;['car', 'person'];2;;;;;;1.0;;;;1.0;;;
1549644413488268;['person', 'car', 'stop sign', 'car', 'person'];5;;;;;1.0;2.0;;;;2.0;;;
1549644415359329;['car'];1;;;;;;;;;;1.0;;;
1549644417170355;['car', 'car'];2;;;;;;;;;;2.0;;;
1549644418975371;['car', 'car', 'car'];3;;;;;;;;;;3.0;;;
1549644420783493;['car', 'person', 'car'];3;;;;;;1.0;;;;2.0;;;
1549644422594280;['car'];1;;;;;;;;;;1.0;;;
1549644426274730;['car', 'car'];2;;;;;;;;;;2.0;;;
1549644428266300;['car'];1;;;;;;;;;;1.0;;;
1549644430136370;['car'];1;;;;;;;;;;1.0;;;
1549644432064811;['car'];1;;;;;;;;;;1.0;;;
1549644433870459;['car'];1;;;;;;;;;;1.0;;;
1549644435685145;['car'];1;;;;;;;;;;1.0;;;
1549644437496048;['car', 'car', 'car'];3;;;;;;;;;;3.0;;;
1549644439426949;['car', 'car', 'car'];3;;;;;;;;;;3.0;;;
1549644441232102;['car'];1;;;;;;;;;;1.0;;;
1549644443104194;['car', 'person'];2;;;;;;1.0;;;;1.0;;;
1549644444977467;['car', 'car', 'car', 'car'];4;;;;;;;;;;4.0;;;
1549644446787477;['car'];1;;;;;;;;;;1.0;;;
1549644448717699;['car', 'car', 'car'];3;;;;;;;;;;3.0;;;
1549644457937516;['car', 'car', 'car'];3;;;;;;;;;;3.0;;;
1549644461685634;['car'];1;;;;;;;;;;1.0;;;
1549644463496355;['car', 'car'];2;;;;;;;;;;2.0;;;
1549644465245793;['person', 'car'];2;;;;;;1.0;;;;1.0;;;
1549644467108965;['person', 'car'];2;;;;;;1.0;;;;1.0;;;
1549644468983221;['car'];1;;;;;;;;;;1.0;;;
1549644470796297;['car', 'car'];2;;;;;;;;;;2.0;;;
1549644472599577;['car'];1;;;;;;;;;;1.0;;;
1549644474405473;['car'];1;;;;;;;;;;1.0;;;
1549644476237577;['car'];1;;;;;;;;;;1.0;;;
1549644478053588;['car'];1;;;;;;;;;;1.0;;;
1549644479925452;['fire hydrant', 'car'];2;;;;;;;;;;1.0;;;1.0
1549644481787534;['car'];1;;;;;;;;;;1.0;;;
1549644483661735;['car', 'car', 'car'];3;;;;;;;;;;3.0;;;
1549644485469345;['car', 'car'];2;;;;;;;;;;2.0;;;
1549644487344230;['car', 'car'];2;;;;;;;;;;2.0;;;
1549644489156828;['car', 'chair'];2;;;;;;;1.0;;;1.0;;;
1549644490958700;['airplane'];1;;;;;;;;;;;1.0;;
1549644492767881;['car', 'car', 'car'];3;;;;;;;;;;3.0;;;
1549644494587027;['car'];1;;;;;;;;;;1.0;;;
1549644502006002;['car'];1;;;;;;;;;;1.0;;;
1549644503880251;['car', 'car'];2;;;;;;;;;;2.0;;;
1549644505820211;['car'];1;;;;;;;;;;1.0;;;
1549644507629479;['car', 'fire hydrant'];2;;;;;;;;;;1.0;;;1.0
1549644509494391;['car'];1;;;;;;;;;;1.0;;;
1549644511371658;['car'];1;;;;;;;;;;1.0;;;
1549644516924885;['car'];1;;;;;;;;;;1.0;;;
1549644518737801;['car', 'car', 'car'];3;;;;;;;;;;3.0;;;
1549644520550468;['car'];1;;;;;;;;;;1.0;;;
1549644522487380;['car'];1;;;;;;;;;;1.0;;;
1549644524417458;['car', 'car', 'car', 'car'];4;;;;;;;;;;4.0;;;
1549644526221414;['car'];1;;;;;;;;;;1.0;;;
1549644528038290;['car', 'car', 'car', 'car'];4;;;;;;;;;;4.0;;;
1549644529782044;['car', 'car'];2;;;;;;;;;;2.0;;;
1549644531595456;['car', 'car', 'car', 'car'];4;;;;;;;;;;4.0;;;
1549644533465837;['car'];1;;;;;;;;;;1.0;;;
1549644535269857;['car', 'car'];2;;;;;;;;;;2.0;;;
1549644537082790;['car', 'truck', 'truck', 'car'];4;;;;;;;;;2.0;2.0;;;
1549644538953727;['car'];1;;;;;;;;;;1.0;;;
1549644542629104;['car', 'car'];2;;;;;;;;;;2.0;;;
1549644544501435;['car'];1;;;;;;;;;;1.0;;;
1549644546374548;['car'];1;;;;;;;;;;1.0;;;
1549644548184631;['car', 'car', 'car', 'car'];4;;;;;;;;;;4.0;;;
1549644551926366;['car'];1;;;;;;;;;;1.0;;;
1549644553731082;['car'];1;;;;;;;;;;1.0;;;
1549644555660871;['car', 'car'];2;;;;;;;;;;2.0;;;
1549644557480640;['car', 'car'];2;;;;;;;;;;2.0;;;
1549644559294829;['car', 'car'];2;;;;;;;;;;2.0;;;
1549644561165039;['car', 'car'];2;;;;;;;;;;2.0;;;
1549644562977453;['car', 'car'];2;;;;;;;;;;2.0;;;
1549644564790334;['car'];1;;;;;;;;;;1.0;;;
1549644566664670;['car', 'car', 'car'];3;;;;;;;;;;3.0;;;
1549644568527943;['car', 'car'];2;;;;;;;;;;2.0;;;
1549644570337826;['car', 'car', 'car', 'car', 'car', 'car'];6;;;;;;;;;;6.0;;;
1549644572151725;['car', 'car', 'car', 'car'];4;;;;;;;;;;4.0;;;
1549644573955446;['car', 'car', 'car', 'car'];4;;;;;;;;;;4.0;;;
1549644575835948;['car', 'car', 'car'];3;;;;;;;;;;3.0;;;
1549644577651303;['car', 'car', 'car'];3;;;;;;;;;;3.0;;;
1549644579581151;['car', 'car'];2;;;;;;;;;;2.0;;;
1549644581393095;['car', 'car'];2;;;;;;;;;;2.0;;;
1549644583195644;['car', 'car'];2;;;;;;;;;;2.0;;;
1549644585015238;['car'];1;;;;;;;;;;1.0;;;
1549644586823268;['car'];1;;;;;;;;;;1.0;;;
1549644588687844;['car'];1;;;;;;;;;;1.0;;;
1549644590618402;['car', 'car', 'car', 'car'];4;;;;;;;;;;4.0;;;
1549644592493455;['car', 'car', 'car'];3;;;;;;;;;;3.0;;;
1549644594297912;['car', 'car', 'car', 'car'];4;;;;;;;;;;4.0;;;
1549644596104433;['car', 'clock', 'car', 'car'];4;;1.0;;;;;;;;3.0;;;
1549644597919219;['car', 'car', 'car', 'car'];4;;;;;;;;;;4.0;;;
1549644599801519;['car', 'car', 'car'];3;;;;;;;;;;3.0;;;
1549644601673347;['car', 'car'];2;;;;;;;;;;2.0;;;
1549644603544838;['person', 'traffic light', 'truck', 'car', 'car'];5;;;;;;1.0;;;1.0;2.0;;1.0;
1549644605293488;['person', 'car', 'car', 'car'];4;;;;;;1.0;;;;3.0;;;
1549644607101954;['car', 'person', 'car', 'car'];4;;;;;;1.0;;;;3.0;;;
1549644608913609;['car', 'car'];2;;;;;;;;;;2.0;;;
1549644610717931;['car', 'train', 'car', 'fire hydrant', 'car'];5;;;;;;;;1.0;;3.0;;;1.0
1549644612523092;['train', 'train', 'car', 'truck', 'train'];5;;;;;;;;3.0;1.0;1.0;;;
1549644614337747;['car', 'car', 'person', 'car'];4;;;;;;1.0;;;;3.0;;;
1549644616149296;['car', 'car', 'truck', 'car', 'car', 'car', 'car', 'car', 'car', 'car'];10;;;;;;;;;1.0;9.0;;;
1549644617954343;['car', 'car', 'car', 'car', 'car', 'car', 'car', 'train', 'car', 'train', 'car', 'car'];12;;;;;;;;2.0;;10.0;;;
1549644619826220;['car', 'car', 'car', 'car', 'car', 'car', 'car', 'car', 'car', 'car', 'car', 'car'];12;;;;;;;;;;12.0;;;
1549644621757187;['car', 'car', 'car', 'car', 'truck', 'clock', 'car', 'car', 'car'];9;;1.0;;;;;;;1.0;7.0;;;
1549644623564521;['car', 'car', 'car', 'car', 'clock', 'car', 'car', 'car'];8;;1.0;;;;;;;;7.0;;;
1549644625374419;['clock', 'truck', 'car', 'car'];4;;1.0;;;;;;;1.0;2.0;;;
